Year,TimeBlock,M,SarBio,ESM,Type,MICER
2021,2021-2040,0.3466514,422581.9128,Hadley,ESM,0.141134004
2022,2021-2040,0.3677332,430022.4316,Hadley,ESM,0.32276948
2023,2021-2040,0.371338,440344.1953,Hadley,ESM,0.356704352
2024,2021-2040,0.3662332,456892.068,Hadley,ESM,0.294128071
2025,2021-2040,0.3362854,499197.0444,Hadley,ESM,0.128497309
2026,2021-2040,0.2979607,540950.7356,Hadley,ESM,0.305708437
2027,2021-2040,0.2854372,578286.3365,Hadley,ESM,0.379342475
2028,2021-2040,0.2634799,610142.9752,Hadley,ESM,0.063611632
2029,2021-2040,0.2623645,642215.5736,Hadley,ESM,0.093596848
2030,2021-2040,0.2737595,618001.0826,Hadley,ESM,0.112821554
2031,2021-2040,0.2685519,596077.7201,Hadley,ESM,-0.533921429
2032,2021-2040,0.2889018,612171.0272,Hadley,ESM,0.642184588
2033,2021-2040,0.2651954,592020.4358,Hadley,ESM,0.355276047
2034,2021-2040,0.2399403,569750.4732,Hadley,ESM,0.365963006
2035,2021-2040,0.2580881,556848.3831,Hadley,ESM,0.411577857
2036,2021-2040,0.2552629,618294.8135,Hadley,ESM,0.573540006
2037,2021-2040,0.2490318,668360.0485,Hadley,ESM,0.226953415
2038,2021-2040,0.2111131,752706.2759,Hadley,ESM,0.495026602
2039,2021-2040,0.2363272,799380.4597,Hadley,ESM,0.257843979
2040,2021-2040,0.2494544,860774.9971,Hadley,ESM,-0.345564981
2041,2041-2060,0.2887109,878883.8206,Hadley,ESM,-0.31631735
2042,2041-2060,0.2848809,885349.5207,Hadley,ESM,-0.662037302
2043,2041-2060,0.3075764,1009911.643,Hadley,ESM,-0.055910587
2044,2041-2060,0.3300081,1288497.398,Hadley,ESM,-0.078408603
2045,2041-2060,0.3187369,1377078.678,Hadley,ESM,0.026922317
2046,2041-2060,0.3063651,1257255.008,Hadley,ESM,-0.603599657
2047,2041-2060,0.3730282,1075699.28,Hadley,ESM,-0.095346049
2048,2041-2060,0.4370973,879672.6176,Hadley,ESM,0.761738762
2049,2041-2060,0.4447445,740178.4521,Hadley,ESM,0.501953016
2050,2041-2060,0.4755242,664426.2796,Hadley,ESM,0.170845373
2051,2041-2060,0.5080233,627471.751,Hadley,ESM,0.789756441
2052,2041-2060,0.4887718,548863.7164,Hadley,ESM,0.742131059
2053,2041-2060,0.4702016,465692.0286,Hadley,ESM,0.174082763
2054,2041-2060,0.543588,388620.9348,Hadley,ESM,-0.463575311
2055,2041-2060,0.4878004,457758.2927,Hadley,ESM,-0.786339667
2056,2041-2060,0.4733462,497793.8579,Hadley,ESM,-0.316957651
2057,2041-2060,0.3738333,518876.1715,Hadley,ESM,0.454357347
2058,2041-2060,0.4224997,607998.1089,Hadley,ESM,0.471486687
2059,2041-2060,0.4492914,596194.4144,Hadley,ESM,0.242415944
2060,2041-2060,0.3865116,558424.6987,Hadley,ESM,1.044867663
2061,2061-2080,0.4570024,578175.1291,Hadley,ESM,1.550370638
2062,2061-2080,0.4455897,604692.9629,Hadley,ESM,1.283341871
2063,2061-2080,0.3955568,539823.8114,Hadley,ESM,0.984864052
2064,2061-2080,0.4648466,461830.734,Hadley,ESM,0.266438574
2065,2061-2080,0.565137,414673.7667,Hadley,ESM,0.500146152
2066,2061-2080,0.5982635,353353.9035,Hadley,ESM,0.370354583
2067,2061-2080,0.5273632,400425.9002,Hadley,ESM,0.486208599
2068,2061-2080,0.5805647,408970.6486,Hadley,ESM,0.491256761
2069,2061-2080,0.417976,376556.2199,Hadley,ESM,0.538750277
2070,2061-2080,0.4645471,378821.9092,Hadley,ESM,0.564016201
2071,2061-2080,0.5275102,377337.5046,Hadley,ESM,0.495495522
2072,2061-2080,0.4617776,367843.3626,Hadley,ESM,0.498423098
2073,2061-2080,0.4487381,412484.2633,Hadley,ESM,0.396966956
2074,2061-2080,0.4639877,476135.5028,Hadley,ESM,0.268587797
2075,2061-2080,0.3981814,480284.0718,Hadley,ESM,0.238996984
2076,2061-2080,0.3613685,445812.275,Hadley,ESM,0.396471378
2077,2061-2080,0.3976261,385002.5216,Hadley,ESM,0.102775442
2078,2061-2080,0.4062466,533615.8251,Hadley,ESM,0.324571287
2079,2061-2080,0.3829257,672041.5235,Hadley,ESM,0.366285814
2080,2061-2080,0.231882,743889.0378,Hadley,ESM,0.21795681
2081,2081-2100,0.280438,796430.9032,Hadley,ESM,0.539674379
2082,2081-2100,0.2864428,862632.8401,Hadley,ESM,0.402469229
2083,2081-2100,0.2885315,874411.4259,Hadley,ESM,0.09509917
2084,2081-2100,0.2783681,923119.9898,Hadley,ESM,0.525360364
2085,2081-2100,0.3049834,969992.1677,Hadley,ESM,-0.611690726
2086,2081-2100,0.3162963,925062.6602,Hadley,ESM,-0.766196228
2087,2081-2100,0.383423,837295.1567,Hadley,ESM,0.653031999
2088,2081-2100,0.458946,733898.2585,Hadley,ESM,1.091327119
2089,2081-2100,0.4635306,655768.243,Hadley,ESM,1.213621667
2090,2081-2100,0.4675541,693808.0544,Hadley,ESM,1.106367285
2091,2081-2100,0.4725887,763653.6755,Hadley,ESM,1.025467467
2092,2081-2100,0.4105307,831081.3488,Hadley,ESM,1.063941119
2093,2081-2100,0.4373945,839686.1171,Hadley,ESM,1.019831936
2094,2081-2100,0.4457656,766722.162,Hadley,ESM,1.086531491
2095,2081-2100,0.4670826,800536.3159,Hadley,ESM,0.593465694
2096,2081-2100,0.4647115,855701.2623,Hadley,ESM,0.82100741
2097,2081-2100,0.4011972,831687.6192,Hadley,ESM,0.639340246
2098,2081-2100,0.385432,825181.2003,Hadley,ESM,1.007026177
2099,2081-2100,0.3932207,861360.2834,Hadley,ESM,0.481039491
2021,2021-2040,0.3431309,452799.7402,IPSL,ESM,0.141134004
2022,2021-2040,0.3506562,460710.5907,IPSL,ESM,0.32276948
2023,2021-2040,0.3648215,470904.4219,IPSL,ESM,0.356704352
2024,2021-2040,0.3610833,484110.1494,IPSL,ESM,0.294128071
2025,2021-2040,0.3336698,520655.0258,IPSL,ESM,0.128497309
2026,2021-2040,0.3001027,562513.8638,IPSL,ESM,0.305708437
2027,2021-2040,0.2893282,598413.7249,IPSL,ESM,0.379342475
2028,2021-2040,0.2647991,629576.8756,IPSL,ESM,0.063611632
2029,2021-2040,0.2577293,659575.2057,IPSL,ESM,0.093596848
2030,2021-2040,0.262974,622868.7289,IPSL,ESM,0.112821554
2031,2021-2040,0.2631123,586279.0421,IPSL,ESM,-0.533921429
2032,2021-2040,0.2982551,598051.1824,IPSL,ESM,0.642184588
2033,2021-2040,0.2637301,573438.8122,IPSL,ESM,0.355276047
2034,2021-2040,0.2329113,546688.9988,IPSL,ESM,0.365963006
2035,2021-2040,0.2596791,582110.8472,IPSL,ESM,0.411577857
2036,2021-2040,0.2628639,640873.7384,IPSL,ESM,0.573540006
2037,2021-2040,0.2246686,709843.2654,IPSL,ESM,0.226953415
2038,2021-2040,0.2297468,784661.7904,IPSL,ESM,0.495026602
2039,2021-2040,0.2373992,872022.9247,IPSL,ESM,0.257843979
2040,2021-2040,0.2371811,932968.2289,IPSL,ESM,-0.345564981
2041,2041-2060,0.2639961,924913.6082,IPSL,ESM,-0.31631735
2042,2041-2060,0.271726,912693.5479,IPSL,ESM,-0.662037302
2043,2041-2060,0.3019138,944564.1013,IPSL,ESM,-0.055910587
2044,2041-2060,0.3114359,943111.0403,IPSL,ESM,-0.078408603
2045,2041-2060,0.3213082,903337.822,IPSL,ESM,0.026922317
2046,2041-2060,0.3379477,849881.1013,IPSL,ESM,-0.603599657
2047,2041-2060,0.3696129,745470.6675,IPSL,ESM,-0.095346049
2048,2041-2060,0.3877861,734348.8499,IPSL,ESM,0.761738762
2049,2041-2060,0.4275099,692786.8499,IPSL,ESM,0.501953016
2050,2041-2060,0.3840456,640025.2213,IPSL,ESM,0.170845373
2051,2041-2060,0.4279265,582642.7239,IPSL,ESM,0.789756441
2052,2041-2060,0.4861649,541639.1608,IPSL,ESM,0.742131059
2053,2041-2060,0.4929634,482248.9117,IPSL,ESM,0.174082763
2054,2041-2060,0.4922083,463355.3277,IPSL,ESM,-0.463575311
2055,2041-2060,0.4801683,430824.5354,IPSL,ESM,-0.786339667
2056,2041-2060,0.441517,376014.4511,IPSL,ESM,-0.316957651
2057,2041-2060,0.4682733,339355.8,IPSL,ESM,0.454357347
2058,2041-2060,0.4885154,282983.5268,IPSL,ESM,0.471486687
2059,2041-2060,0.4913093,284616.3361,IPSL,ESM,0.242415944
2060,2041-2060,0.4712272,289083.2802,IPSL,ESM,1.044867663
2061,2061-2080,0.3960429,306805.5444,IPSL,ESM,1.550370638
2062,2061-2080,0.4101259,293776.395,IPSL,ESM,1.283341871
2063,2061-2080,0.4024208,294853.5552,IPSL,ESM,0.984864052
2064,2061-2080,0.4787852,354839.7977,IPSL,ESM,0.266438574
2065,2061-2080,0.4978847,394159.4029,IPSL,ESM,0.500146152
2066,2061-2080,0.4263748,412073.4351,IPSL,ESM,0.370354583
2067,2061-2080,0.4793152,467742.63,IPSL,ESM,0.486208599
2068,2061-2080,0.4892679,476965.2878,IPSL,ESM,0.491256761
2069,2061-2080,0.4165438,439547.8596,IPSL,ESM,0.538750277
2070,2061-2080,0.4766654,379997.776,IPSL,ESM,0.564016201
2071,2061-2080,0.4940829,320024.5864,IPSL,ESM,0.495495522
2072,2061-2080,0.5211658,301490.4928,IPSL,ESM,0.498423098
2073,2061-2080,0.5494511,359428.4618,IPSL,ESM,0.396966956
2074,2061-2080,0.4795778,370139.4493,IPSL,ESM,0.268587797
2075,2061-2080,0.3627966,361305.5283,IPSL,ESM,0.238996984
2076,2061-2080,0.4111246,444421.7073,IPSL,ESM,0.396471378
2077,2061-2080,0.4197816,570636.676,IPSL,ESM,0.102775442
2078,2061-2080,0.3075043,676166.183,IPSL,ESM,0.324571287
2079,2061-2080,0.299929,760516.5456,IPSL,ESM,0.366285814
2080,2061-2080,0.3100877,775886.8102,IPSL,ESM,0.21795681
2081,2081-2100,0.3071791,792495.344,IPSL,ESM,0.539674379
2082,2081-2100,0.3152443,809912.3873,IPSL,ESM,0.402469229
2083,2081-2100,0.3006133,830458.1597,IPSL,ESM,0.09509917
2084,2081-2100,0.2976771,849690.1604,IPSL,ESM,0.525360364
2085,2081-2100,0.2883573,859873.5714,IPSL,ESM,-0.611690726
2086,2081-2100,0.3089042,847336.8027,IPSL,ESM,-0.766196228
2087,2081-2100,0.3839391,833624.6387,IPSL,ESM,0.653031999
2088,2081-2100,0.4216732,825525.2356,IPSL,ESM,1.091327119
2089,2081-2100,0.4337104,810378.5092,IPSL,ESM,1.213621667
2090,2081-2100,0.4272615,805731.5194,IPSL,ESM,1.106367285
2091,2081-2100,0.4230788,783967.0235,IPSL,ESM,1.025467467
2092,2081-2100,0.4305991,779830.0747,IPSL,ESM,1.063941119
2093,2081-2100,0.453007,751714.1916,IPSL,ESM,1.019831936
2094,2081-2100,0.4376402,740904.1141,IPSL,ESM,1.086531491
2095,2081-2100,0.4542096,724781.5643,IPSL,ESM,0.593465694
2096,2081-2100,0.4251957,695089.5072,IPSL,ESM,0.82100741
2097,2081-2100,0.4127548,716627.9182,IPSL,ESM,0.639340246
2098,2081-2100,0.41059,760884.0035,IPSL,ESM,1.007026177
2099,2081-2100,0.345846,765336.8377,IPSL,ESM,0.481039491
2021,2021-2040,0.33834,442606.8342,GFDL,ESM,0.141134004
2022,2021-2040,0.354575,453754.3861,GFDL,ESM,0.32276948
2023,2021-2040,0.3730501,467674.8356,GFDL,ESM,0.356704352
2024,2021-2040,0.375827,489175.4792,GFDL,ESM,0.294128071
2025,2021-2040,0.3445813,529796.967,GFDL,ESM,0.128497309
2026,2021-2040,0.2880883,571413.4702,GFDL,ESM,0.305708437
2027,2021-2040,0.2874332,608710.5703,GFDL,ESM,0.379342475
2028,2021-2040,0.2679476,642571.3333,GFDL,ESM,0.063611632
2029,2021-2040,0.2605354,676155.8783,GFDL,ESM,0.093596848
2030,2021-2040,0.2614077,636692.5941,GFDL,ESM,0.112821554
2031,2021-2040,0.2665704,594093.8189,GFDL,ESM,-0.533921429
2032,2021-2040,0.3048367,614243.7371,GFDL,ESM,0.642184588
2033,2021-2040,0.2640587,603859.7526,GFDL,ESM,0.355276047
2034,2021-2040,0.2327299,579893.7203,GFDL,ESM,0.365963006
2035,2021-2040,0.2594505,551818.9112,GFDL,ESM,0.411577857
2036,2021-2040,0.2636606,586644.5453,GFDL,ESM,0.573540006
2037,2021-2040,0.252155,642486.6004,GFDL,ESM,0.226953415
2038,2021-2040,0.2301148,712286.339,GFDL,ESM,0.495026602
2039,2021-2040,0.234019,762455.9857,GFDL,ESM,0.257843979
2040,2021-2040,0.2429078,808726.299,GFDL,ESM,-0.345564981
2041,2041-2060,0.2635253,773699.0878,GFDL,ESM,-0.31631735
2042,2041-2060,0.2681627,731555.1502,GFDL,ESM,-0.662037302
2043,2041-2060,0.3069599,714288.6188,GFDL,ESM,-0.055910587
2044,2041-2060,0.3113233,684058.6326,GFDL,ESM,-0.078408603
2045,2041-2060,0.3304157,664718.791,GFDL,ESM,0.026922317
2046,2041-2060,0.3580713,635448.5671,GFDL,ESM,-0.603599657
2047,2041-2060,0.368505,637171.8268,GFDL,ESM,-0.095346049
2048,2041-2060,0.3665363,588679.276,GFDL,ESM,0.761738762
2049,2041-2060,0.3660031,576275.7508,GFDL,ESM,0.501953016
2050,2041-2060,0.4188227,629366.8552,GFDL,ESM,0.170845373
2051,2041-2060,0.416256,615050.5447,GFDL,ESM,0.789756441
2052,2041-2060,0.3776893,580501.9652,GFDL,ESM,0.742131059
2053,2041-2060,0.4448458,538027.5049,GFDL,ESM,0.174082763
2054,2041-2060,0.5122075,494592.4454,GFDL,ESM,-0.463575311
2055,2041-2060,0.4707617,430831.8706,GFDL,ESM,-0.786339667
2056,2041-2060,0.4683909,368232.0405,GFDL,ESM,-0.316957651
2057,2041-2060,0.4727281,318231.5135,GFDL,ESM,0.454357347
2058,2041-2060,0.4759589,313268.4152,GFDL,ESM,0.471486687
2059,2041-2060,0.4816262,409155.3632,GFDL,ESM,0.242415944
2060,2041-2060,0.4087421,536480.3121,GFDL,ESM,1.044867663
2061,2061-2080,0.3096675,592975.7225,GFDL,ESM,1.550370638
2062,2061-2080,0.3254301,569171.8188,GFDL,ESM,1.283341871
2063,2061-2080,0.3896429,574183.159,GFDL,ESM,0.984864052
2064,2061-2080,0.4699524,512642.1983,GFDL,ESM,0.266438574
2065,2061-2080,0.4988585,444918.3255,GFDL,ESM,0.500146152
2066,2061-2080,0.5398423,414763.8927,GFDL,ESM,0.370354583
2067,2061-2080,0.5416609,362914.9047,GFDL,ESM,0.486208599
2068,2061-2080,0.4934769,303221.054,GFDL,ESM,0.491256761
2069,2061-2080,0.5030453,316533.6547,GFDL,ESM,0.538750277
2070,2061-2080,0.5478538,277629.2637,GFDL,ESM,0.564016201
2071,2061-2080,0.3820024,248286.5164,GFDL,ESM,0.495495522
2072,2061-2080,0.4703597,287165.0874,GFDL,ESM,0.498423098
2073,2061-2080,0.5328594,283921.4297,GFDL,ESM,0.396966956
2074,2061-2080,0.379535,276917.6429,GFDL,ESM,0.268587797
2075,2061-2080,0.440288,273890.488,GFDL,ESM,0.238996984
2076,2061-2080,0.4341317,264133.4418,GFDL,ESM,0.396471378
2077,2061-2080,0.3874648,256727.1388,GFDL,ESM,0.102775442
2078,2061-2080,0.3766094,313390.2338,GFDL,ESM,0.324571287
2079,2061-2080,0.3730729,380619.3156,GFDL,ESM,0.366285814
2080,2061-2080,0.2722442,417889.8371,GFDL,ESM,0.21795681
2081,2081-2100,0.2594982,424248.8418,GFDL,ESM,0.539674379
2082,2081-2100,0.284776,516356.6447,GFDL,ESM,0.402469229
2083,2081-2100,0.3107067,541725.0122,GFDL,ESM,0.09509917
2084,2081-2100,0.2440073,668741.4507,GFDL,ESM,0.525360364
2085,2081-2100,0.300426,702692.7655,GFDL,ESM,-0.611690726
2086,2081-2100,0.2710905,644964.2175,GFDL,ESM,-0.766196228
2087,2081-2100,0.3794739,555872.7444,GFDL,ESM,0.653031999
2088,2081-2100,0.4525905,476507.5013,GFDL,ESM,1.091327119
2089,2081-2100,0.4572295,420234.4823,GFDL,ESM,1.213621667
2090,2081-2100,0.4528361,429330.8655,GFDL,ESM,1.106367285
2091,2081-2100,0.4461089,448872.9934,GFDL,ESM,1.025467467
2092,2081-2100,0.4085488,463169.8237,GFDL,ESM,1.063941119
2093,2081-2100,0.4247085,500850.0669,GFDL,ESM,1.019831936
2094,2081-2100,0.4135739,462031.0631,GFDL,ESM,1.086531491
2095,2081-2100,0.4112065,426432.4137,GFDL,ESM,0.593465694
2096,2081-2100,0.421139,516568.5932,GFDL,ESM,0.82100741
2097,2081-2100,0.4350625,538554.7964,GFDL,ESM,0.639340246
2098,2081-2100,0.3137995,531546.6207,GFDL,ESM,1.007026177
2099,2081-2100,0.3669772,507414.8934,GFDL,ESM,0.481039491
2021,2021-2040,0.3439749,429131.8058,Base,Base,0.141134004
2022,2021-2040,0.3526196,435700.6964,Base,Base,0.32276948
2023,2021-2040,0.3641709,442185.5752,Base,Base,0.356704352
2024,2021-2040,0.362244,450446.8088,Base,Base,0.294128071
2025,2021-2040,0.3339981,481633.6617,Base,Base,0.128497309
2026,2021-2040,0.2929942,515328.6869,Base,Base,0.305708437
2027,2021-2040,0.2849048,546960.7597,Base,Base,0.379342475
2028,2021-2040,0.2618884,577765.8929,Base,Base,0.063611632
2029,2021-2040,0.257887,607867.3387,Base,Base,0.093596848
2030,2021-2040,0.2567825,573187.3992,Base,Base,0.112821554
2031,2021-2040,0.2581308,546240.8813,Base,Base,-0.533921429
2032,2021-2040,0.2862335,561197.3648,Base,Base,0.642184588
2033,2021-2040,0.2602129,548245.2495,Base,Base,0.355276047
2034,2021-2040,0.2309696,527690.4078,Base,Base,0.365963006
2035,2021-2040,0.2525492,561228.1705,Base,Base,0.411577857
2036,2021-2040,0.2544667,608712.8069,Base,Base,0.573540006
2037,2021-2040,0.2156983,659913.0065,Base,Base,0.226953415
2038,2021-2040,0.221089,726946.6375,Base,Base,0.495026602
2039,2021-2040,0.2229699,802247.3484,Base,Base,0.257843979
2040,2021-2040,0.224675,868040.6859,Base,Base,-0.345564981
2041,2041-2060,0.2471488,876427.6,Base,Base,-0.31631735
2042,2041-2060,0.2591244,883934.9942,Base,Base,-0.662037302
2043,2041-2060,0.2799733,917125.8389,Base,Base,-0.055910587
2044,2041-2060,0.2860631,914614.7449,Base,Base,-0.078408603
2045,2041-2060,0.2920983,887710.0798,Base,Base,0.026922317
2046,2041-2060,0.3188724,848890.5117,Base,Base,-0.603599657
2047,2041-2060,0.3374021,757288.8647,Base,Base,-0.095346049
2048,2041-2060,0.3467208,743281.3446,Base,Base,0.761738762
2049,2041-2060,0.3816259,702746.935,Base,Base,0.501953016
2050,2041-2060,0.3492739,654995.6885,Base,Base,0.170845373
2051,2041-2060,0.3823649,608121.634,Base,Base,0.789756441
2052,2041-2060,0.4131191,573922.3156,Base,Base,0.742131059
2053,2041-2060,0.4365359,517948.1331,Base,Base,0.174082763
2054,2041-2060,0.4405348,502019.3204,Base,Base,-0.463575311
2055,2041-2060,0.449564,467099.0086,Base,Base,-0.786339667
2056,2041-2060,0.4220196,414954.921,Base,Base,-0.316957651
2057,2041-2060,0.4328649,373175.777,Base,Base,0.454357347
2058,2041-2060,0.4543276,312783.3411,Base,Base,0.471486687
2059,2041-2060,0.4542822,313056.3524,Base,Base,0.242415944
2060,2041-2060,0.4354325,313053.2737,Base,Base,1.044867663
2061,2061-2080,0.3745229,322132.4479,Base,Base,1.550370638
2062,2061-2080,0.3796943,304487.3711,Base,Base,1.283341871
2063,2061-2080,0.3744455,305673.3371,Base,Base,0.984864052
2064,2061-2080,0.4440106,362379.3502,Base,Base,0.266438574
2065,2061-2080,0.4664577,396463.6165,Base,Base,0.500146152
2066,2061-2080,0.3997017,410641.3683,Base,Base,0.370354583
2067,2061-2080,0.4524383,460379.0958,Base,Base,0.486208599
2068,2061-2080,0.470026,465448.536,Base,Base,0.491256761
2069,2061-2080,0.4112978,425936.8325,Base,Base,0.538750277
2070,2061-2080,0.4606757,367565.3824,Base,Base,0.564016201
2071,2061-2080,0.4878849,307942.7352,Base,Base,0.495495522
2072,2061-2080,0.5173588,292299.2814,Base,Base,0.498423098
2073,2061-2080,0.5323412,336364.586,Base,Base,0.396966956
2074,2061-2080,0.4706646,333011.2847,Base,Base,0.268587797
2075,2061-2080,0.3647826,323146.8334,Base,Base,0.238996984
2076,2061-2080,0.4028296,387147.1011,Base,Base,0.396471378
2077,2061-2080,0.4186366,476028.0512,Base,Base,0.102775442
2078,2061-2080,0.3221059,553329.8677,Base,Base,0.324571287
2079,2061-2080,0.3046741,610177.9574,Base,Base,0.366285814
2080,2061-2080,0.3084772,621868.698,Base,Base,0.21795681
2081,2081-2100,0.2921652,649787.4171,Base,Base,0.539674379
2082,2081-2100,0.2939146,677470.1674,Base,Base,0.402469229
2083,2081-2100,0.2790525,709438.9805,Base,Base,0.09509917
2084,2081-2100,0.2672503,745494.9104,Base,Base,0.525360364
2085,2081-2100,0.2634341,780903.9884,Base,Base,-0.611690726
2086,2081-2100,0.2801126,793208.8195,Base,Base,-0.766196228
2087,2081-2100,0.3371126,781244.4481,Base,Base,0.653031999
2088,2081-2100,0.3709637,779468.8059,Base,Base,1.091327119
2089,2081-2100,0.3923536,771354.0082,Base,Base,1.213621667
2090,2081-2100,0.3934781,768177.4502,Base,Base,1.106367285
2091,2081-2100,0.391311,753198.1417,Base,Base,1.025467467
2092,2081-2100,0.4024579,750405.643,Base,Base,1.063941119
2093,2081-2100,0.4219969,719944.8611,Base,Base,1.019831936
2094,2081-2100,0.4029119,707517.2242,Base,Base,1.086531491
2095,2081-2100,0.4236241,688370.9605,Base,Base,0.593465694
2096,2081-2100,0.3984775,653801.511,Base,Base,0.82100741
2097,2081-2100,0.3861572,668645.0566,Base,Base,0.639340246
2098,2081-2100,0.3723642,697981.0805,Base,Base,1.007026177
2099,2081-2100,0.3209589,705141.252,Base,Base,0.481039491
