"","Yr","SpawnBio","exp_recr","with_regime","bias_adjusted","pred_recr","dev","biasadjuster","era","mature_bio","mature_num","raw_dev"
"873",1994,498397,3057370,5879870,3606650,1907760,-0.636849,0.625607,"Init_age",498608,5123530,-0.636849
"874",1995,498397,3057370,5879870,2788600,8024020,1.0569,0.954873,"Init_age",498608,5123530,1.0569
"875",1996,498397,3057370,5879870,2717780,8265620,1.11229,0.9878,"Init_age",498608,5123530,1.11229
"876",1997,498397,3057370,5879870,2717780,12798500,1.54951,0.9878,"Init_age",498608,5123530,1.54951
"877",1998,498397,3057370,5879870,2717780,7696430,1.04094,0.9878,"Init_age",498608,5123530,1.04094
"878",1999,498397,3057370,5879870,2717780,1324690,-0.718641,0.9878,"Init_age",498608,5123530,-0.718641
"879",2000,498397,3057370,5879870,2717780,2089900,-0.2627,0.9878,"Init_age",498608,5123530,-0.2627
"880",2001,431765,3275630,3275630,1514050,751059,-0.701062,0.9878,"Main",432023,3853070,-0.701062
"881",2002,305647,3136900,3136900,1449930,25330700,2.8605,0.9878,"Main",305857,2745240,2.8605
"882",2003,331393,3172640,3172640,1466450,12202400,2.11879,0.9878,"Main",331525,4846490,2.11879
"883",2004,564960,3360540,3360540,1553300,23416900,2.71308,0.9878,"Main",565012,8173680,2.71308
"884",2005,786477,3442010,3442010,1590960,7833680,1.5941,0.9878,"Main",786513,10650000,1.5941
"885",2006,945247,3478130,3478130,1607650,11249900,1.94559,0.9878,"Main",945303,11309200,1.94559
"886",2007,896189,3468260,3468260,1603090,3926280,0.895758,0.9878,"Main",896323,9739270,0.895758
"887",2008,780252,3440310,3440310,1590170,11349100,1.96529,0.9878,"Main",780467,7779050,1.96529
"888",2009,652303,3398780,3398780,1570980,4332560,1.01446,0.9878,"Main",652554,6617340,1.01446
"889",2010,571464,3363760,3363760,1554790,355376,-1.47592,0.9878,"Main",571673,5921080,-1.47592
"890",2011,447115,3287720,3287720,1519650,35479.3,-3.75728,0.9878,"Main",447302,4167950,-3.75728
"891",2012,245497,3029290,3029290,1400190,60047,-3.14924,0.9878,"Main",245593,2034730,-3.14924
"892",2013,111325,2503340,2503340,1157090,280656,-1.41653,0.9878,"Main",111397,801728,-1.41653
"893",2014,56130.4,1907490,1907490,881674,707680,-0.21983,0.9878,"Main",56189.4,379937,-0.21983
"894",2015,41456.1,1630420,1630420,753609,156995,-1.56866,0.9878,"Main",41506,345540,-1.56866
"895",2016,37570.9,1541830,1541830,712662,659906,-0.0769104,0.9878,"Main",37599.2,348701,-0.0769104
"896",2017,30293.5,1353350,1353350,625541,428122,-0.379209,0.9878,"Main",30316.6,300899,-0.379209
"897",2018,28236.3,1293860,1293860,637767,62597.3,-2.32125,0.905483,"Main",28257.8,301585,-2.32125
"898",2019,19933.7,1019090,1019090,955612,1192000,0.221036,0.0823167,"Main",19951.6,188368,0.221036
"899",2020,15216.1,832643,832643,832643,832643,0,0,"Fore",15228.7,214589,0
